question,model,coef,se,ci_low,ci_high,n
Q1 budget,Naive (no adjustment),0.7785,0.055,0.6707,0.8862,2165
Q1 budget,Adjusted (backdoor set),0.7031,0.0668,0.5723,0.834,2165
Q1 budget,"WRONG: + popularity, cast size",0.5587,0.0593,0.4425,0.6749,2165
Q2 franchise,Naive difference,1.8142,0.101,1.6163,2.0122,2943
Q2 franchise,Total effect (adjusted),1.3792,0.0996,1.184,1.5744,2943
Q2 franchise,Direct effect (budget held fixed),1.0161,0.0881,0.8435,1.1887,2165
Q2 franchise,IPW (total effect),1.3523,0.1742,1.0327,1.6732,2943
Q1 sensitivity,revenue >= $1,0.8193,0.0551,0.7113,0.9273,2188
Q1 sensitivity,"revenue >= $1,000",0.7031,0.0668,0.5723,0.834,2165
Q1 sensitivity,"revenue >= $100,000",0.5907,0.0616,0.4699,0.7114,2099
Q1 heterogeneity,Franchise films,0.6526,0.1341,0.3897,0.9156,497
Q1 heterogeneity,Non-franchise films,0.7199,0.0749,0.5731,0.8668,1668
Q1 heterogeneity,Released before 2000,0.5413,0.096,0.3531,0.7295,773
Q1 heterogeneity,Released 2000 or later,0.7872,0.0902,0.6104,0.9639,1392
